,x t3,v t3
0,149600000000.0,-0.021469727861480704
1,157008904452.2261,-0.020626989928993946
2,164417808904.4522,-0.02065438491811205
3,171826713356.67834,-0.02067888220463266
4,179235617808.90445,-0.020700718193615974
5,186644522261.13055,-0.020720101189175926
6,194053426713.35666,-0.02073721570103644
7,201462331165.5828,-0.02075222595409694
8,208871235617.8089,-0.020765278772026687
9,216280140070.035,-0.02077650596451096
10,223689044522.26114,-0.02078602631746139
11,231097948974.48724,-0.02079394726303715
12,238506853426.71335,-0.02080036628948229
13,245915757878.93945,-0.020805372138052777
14,253324662331.1656,-0.020809045824563194
15,260733566783.3917,-0.02081146151557139
16,268142471235.6178,-0.020812687283389558
17,275551375687.84393,-0.020812785759525273
18,282960280140.07,-0.02081181470255781
19,290369184592.29614,-0.020809827493577703
20,297778089044.5223,-0.020806873570023483
21,305186993496.74835,-0.02080299880690427
22,312595897948.9745,-0.020798245852896097
23,320004802401.2006,-0.02079265442759234
24,327413706853.4267,-0.020786261585184557
25,334822611305.65283,-0.02077910194902577
26,342231515757.87897,-0.020771207920867445
27,349640420210.1051,-0.02076260986798495
28,357049324662.3312,-0.02075333629094338
29,364458229114.55725,-0.020743413974366593
30,371867133566.7834,-0.02073286812273301
31,379276038019.0095,-0.020721722482956683
32,386684942471.2356,-0.020709999455273204
33,394093846923.46173,-0.02069772019373921
34,401502751375.68787,-0.02068490469749631
35,408911655827.91394,-0.02067157189380992
36,416320560280.14014,-0.020657739713748097
37,423729464732.3662,-0.020643425161274202
38,431138369184.5923,-0.02062864437643545
39,438547273636.8184,-0.02061341269323636
40,445956178089.04456,-0.020597744692735002
41,453365082541.2706,-0.020581654251822408
42,460773986993.49677,-0.02056515458809549
43,468182891445.72284,-0.020548258301208794
44,475591795897.94904,-0.020530977411018208
45,483000700350.1752,-0.020513323392817754
46,490409604802.40125,-0.020495307209933155
47,497818509254.6274,-0.020476939343897917
48,505227413706.85345,-0.020458229822437505
49,512636318159.07965,-0.020439188245445404
50,520045222611.3057,-0.020419823809111712
51,527454127063.5318,-0.020400145328378954
52,534863031515.75793,-0.020380161257847335
53,542271935967.9841,-0.02035987971125664
54,549680840420.21014,-0.02033930847967979
55,557089744872.4363,-0.02031845504850023
56,564498649324.6624,-0.020297326613285056
57,571907553776.8885,-0.020275930094649102
58,579316458229.1147,-0.020254272152161187
59,586725362681.3407,-0.02023235919738475
60,594134267133.5669,-0.020210197406114908
61,601543171585.793,-0.020187792729859683
62,608952076038.019,-0.020165150906637633
63,616360980490.2452,-0.020142277471123682
64,623769884942.4713,-0.020119177764199744
65,631178789394.6975,-0.020095856941951033
66,638587693846.9236,-0.020072319984140753
67,645996598299.1497,-0.02004857170220774
68,653405502751.3757,-0.020024616746811802
69,660814407203.6018,-0.02000045961495562
70,668223311655.828,-0.01997610465672338
71,675632216108.0541,-0.019951556081645734
72,683041120560.2803,-0.019926817964725257
73,690450025012.5063,-0.019901894252144538
74,697858929464.7324,-0.01987678876666531
75,705267833916.9585,-0.0198515052127555
76,712676738369.1847,-0.019826047181449633
77,720085642821.4108,-0.019800418154953144
78,727494547273.6368,-0.019774621511029777
79,734903451725.863,-0.019748660527155917
80,742312356178.0891,-0.019722538384473545
81,749721260630.3152,-0.019696258171557315
82,757130165082.5414,-0.01966982288798577
83,764539069534.7675,-0.019643235447748233
84,771947973986.9935,-0.019616498682494717
85,779356878439.2197,-0.01958961534462086
86,786765782891.4458,-0.019562588110217962
87,794174687343.6719,-0.019535419581885892
88,801583591795.8981,-0.019508112291412215
89,808992496248.1241,-0.01948066870233363
90,816401400700.3502,-0.019453091212379973
91,823810305152.5763,-0.019425382155817482
92,831219209604.8025,-0.019397543805674315
93,838628114057.0286,-0.019369578375878306
94,846037018509.2545,-0.019341488023303755
95,853445922961.4808,-0.01931327484972317
96,860854827413.7069,-0.019284940903677432
97,868263731865.933,-0.01925648818227549
98,875672636318.1593,-0.019227918632908354
99,883081540770.3853,-0.019199234154888833
100,890490445222.6113,-0.01917043660104028
101,897899349674.8375,-0.019141527779209022
102,905308254127.0636,-0.01911250945370782
103,912717158579.2897,-0.01908338334672168
104,920126063031.5159,-0.019054151139643156
105,927534967483.7421,-0.01902481447435385
106,934943871935.968,-0.018995374954461193
107,942352776388.1942,-0.01896583414649136
108,949761680840.4203,-0.018936193581026578
109,957170585292.6464,-0.018906454753798204
110,964579489744.8726,-0.018876619126751964
111,971988394197.0986,-0.01884668812905951
112,979397298649.3248,-0.01881666315809313
113,986806203101.5509,-0.01878654558037523
114,994215107553.777,-0.018756336732476078
115,1001624012006.003,-0.018726037921895183
116,1009032916458.2294,-0.018695650427905424
117,1016441820910.4553,-0.018665175502351663
118,1023850725362.6814,-0.018634614370447587
119,1031259629814.9076,-0.01860396823152271
120,1038668534267.1337,-0.018573238259751428
121,1046077438719.3597,-0.01854242560486096
122,1053486343171.5858,-0.01851153139280094
123,1060895247623.8121,-0.01848055672640335
124,1068304152076.0381,-0.018449502686020313
125,1075713056528.2642,-0.01841837033011961
126,1083121960980.4904,-0.018387160695887098
127,1090530865432.7164,-0.01835587479979827
128,1097939769884.9425,-0.018324513638158162
129,1105348674337.1687,-0.0182930781876463
130,1112757578789.395,-0.018261569405821177
131,1120166483241.6208,-0.018229988231629628
132,1127575387693.847,-0.01819833558588399
133,1134984292146.0732,-0.018166612371723824
134,1142393196598.2993,-0.018134819475078754
135,1149802101050.5254,-0.018102957765095656
136,1157211005502.7515,-0.01807102809456563
137,1164619909954.9775,-0.018039031300339004
138,1172028814407.2036,-0.018006968203716806
139,1179437718859.4297,-0.01797483961083398
140,1186846623311.656,-0.0179426463130384
141,1194255527763.882,-0.01791038908725559
142,1201664432216.1082,-0.017878068696329463
143,1209073336668.3342,-0.017845685889362355
144,1216482241120.5605,-0.017813241402057246
145,1223891145572.7864,-0.01778073595702713
146,1231300050025.0127,-0.017748170264104336
147,1238708954477.2388,-0.017715545020652826
148,1246117858929.4648,-0.017682860911848286
149,1253526763381.691,-0.017650118610966523
150,1260935667833.917,-0.017617318779662598
151,1268344572286.143,-0.01758446206823533
152,1275753476738.3694,-0.01755154911588553
153,1283162381190.5955,-0.01751858055096508
154,1290571285642.8215,-0.01748555699123839
155,1297980190095.0476,-0.017452479044106746
156,1305389094547.2737,-0.017419347306834525
157,1312797998999.4998,-0.017386162366792555
158,1320206903451.7258,-0.017352924801665705
159,1327615807903.9521,-0.017319635179662153
160,1335024712356.1782,-0.017286294059735696
161,1342433616808.4043,-0.017252901991773366
162,1349842521260.6304,-0.017219459516789368
163,1357251425712.8564,-0.017185967167129293
164,1364660330165.0825,-0.01715242546665212
165,1372069234617.3088,-0.017118834930900342
166,1379478139069.535,-0.017085196067280713
167,1386887043521.761,-0.01705150937524917
168,1394295947973.987,-0.017017775346457594
169,1401704852426.2131,-0.01698399446491989
170,1409113756878.4392,-0.016950167207185562
171,1416522661330.6655,-0.01691629404247969
172,1423931565782.8916,-0.016882375432853487
173,1431340470235.1177,-0.016848411833332397
174,1438749374687.3438,-0.016814403692061747
175,1446158279139.5698,-0.016780351450450252
176,1453567183591.796,-0.016746255543289054
177,1460976088044.0222,-0.016712116398893088
178,1468384992496.2483,-0.01667793443923592
179,1475793896948.4744,-0.01664371008006736
180,1483202801400.7004,-0.016609443731040275
181,1490611705852.9265,-0.016575135795821885
182,1498020610305.1526,-0.01654078667222107
183,1505429514757.3787,-0.016506396752296596
184,1512838419209.605,-0.016471966422466094
185,1520247323661.8308,-0.01643749606361787
186,1527656228114.0571,-0.016402986051216994
187,1535065132566.2832,-0.016368436755409544
188,1542474037018.509,-0.01633384854111002
189,1549882941470.7354,-0.0162992217681195
190,1557291845922.9617,-0.01626455679121357
191,1564700750375.1877,-0.016229853960231088
192,1572109654827.4138,-0.016195113620169233
193,1579518559279.64,-0.016160336111271774
194,1586927463731.866,-0.016125521769122835
195,1594336368184.092,-0.016090670924723556
196,1601745272636.3186,-0.016055783904584633
197,1609154177088.5444,-0.016020861030797348
198,1616563081540.7705,-0.01598590262111868
199,1623971985992.9968,-0.015950908989049474
200,1631380890445.2227,-0.01591588044391749
201,1638789794897.4487,-0.01588081729093547
202,1646198699349.675,-0.015845719831280802
203,1653607603801.9011,-0.015810588362181424
204,1661016508254.1272,-0.01577542317696034
205,1668425412706.3533,-0.015740224565120448
206,1675834317158.5793,-0.015704992812411958
207,1683243221610.8054,-0.015669728200884903
208,1690652126063.0315,-0.015634431008964333
209,1698061030515.2578,-0.015599101511509693
210,1705469934967.4841,-0.01556373997987162
211,1712878839419.71,-0.015528346681953808
212,1720287743871.936,-0.015492921882282622
213,1727696648324.1624,-0.015457465842041208
214,1735105552776.3882,-0.01542197881914169
215,1742514457228.6145,-0.015386461068289618
216,1749923361680.8406,-0.015350912841006245
217,1757332266133.0667,-0.015315334385709492
218,1764741170585.2927,-0.015279725947756574
219,1772150075037.5188,-0.015244087769492034
220,1779558979489.7449,-0.015208420090294225
221,1786967883941.9714,-0.015172723146632323
222,1794376788394.1973,-0.015136997172112462
223,1801785692846.4233,-0.015101242397512805
224,1809194597298.6497,-0.015065459050842273
225,1816603501750.8755,-0.015029647357381319
226,1824012406203.1016,-0.014993807539719711
227,1831421310655.328,-0.01495793981781268
228,1838830215107.554,-0.014922044409006149
229,1846239119559.78,-0.01488612152807628
230,1853648024012.006,-0.014850171387303933
231,1861056928464.2322,-0.014814194196478236
232,1868465832916.4583,-0.014778190162935462
233,1875874737368.6846,-0.014742159491620888
234,1883283641820.9106,-0.014706102385110229
235,1890692546273.137,-0.014670019043649686
236,1898101450725.3625,-0.014633909665190879
237,1905510355177.5886,-0.014597774445421744
238,1912919259629.8147,-0.014561613577812818
239,1920328164082.041,-0.014525427253646734
240,1927737068534.267,-0.014489215662031648
241,1935145972986.4934,-0.01445297898996701
242,1942554877438.7192,-0.014416717422355634
243,1949963781890.9453,-0.014380431142025713
244,1957372686343.1716,-0.014344120329801055
245,1964781590795.3977,-0.01430778516448036
246,1972190495247.6238,-0.014271425822890961
247,1979599399699.8499,-0.014235042479936594
248,1987008304152.076,-0.014198635308593228
249,1994417208604.302,-0.014162204479948233
250,2001826113056.528,-0.014125750163243815
251,2009235017508.7544,-0.014089272525879175
252,2016643921960.9807,-0.014052771733451033
253,2024052826413.2065,-0.014016247949783255
254,2031461730865.4326,-0.013979701336935369
255,2038870635317.659,-0.01394313205524888
256,2046279539769.8848,-0.013906540263355567
257,2053688444222.1108,-0.013869926118211206
258,2061097348674.3372,-0.013833289775114967
259,2068506253126.5632,-0.013796631387728788
260,2075915157578.7893,-0.013759951108112537
261,2083324062031.0154,-0.013723249086737548
262,2090732966483.2415,-0.01368652547250877
263,2098141870935.4675,-0.01364978041278386
264,2105550775387.6938,-0.013613014053404052
265,2112959679839.92,-0.013576226538713421
266,2120368584292.1462,-0.01353941801156752
267,2127777488744.372,-0.013502588613364284
268,2135186393196.5981,-0.01346573848406906
269,2142595297648.8245,-0.013428867762224805
270,2150004202101.0505,-0.01339197658496486
271,2157413106553.2766,-0.013355065088042423
272,2164822011005.5027,-0.013318133405857302
273,2172230915457.7288,-0.013281181671459643
274,2179639819909.9548,-0.013244210016567243
275,2187048724362.181,-0.013207218571592207
276,2194457628814.4072,-0.01317020746565683
277,2201866533266.634,-0.013133176826604804
278,2209275437718.8594,-0.01309612678102325
279,2216684342171.0854,-0.013059057454261745
280,2224093246623.3115,-0.013021968970435501
281,2231502151075.5376,-0.012984861452460176
282,2238911055527.7637,-0.012947735022055049
283,2246319959979.99,-0.012910589799749139
284,2253728864432.216,-0.012873425904935612
285,2261137768884.442,-0.012836243455839471
286,2268546673336.6685,-0.012799042569545971
287,2275955577788.8945,-0.012761823362044296
288,2283364482241.121,-0.012724585948212588
289,2290773386693.3467,-0.012687330441827151
290,2298182291145.5728,-0.012650056955592978
291,2305591195597.799,-0.012612765601159908
292,2313000100050.025,-0.01257545648912194
293,2320409004502.251,-0.012538129729043208
294,2327817908954.4775,-0.01250078542945554
295,2335226813406.703,-0.012463423697886201
296,2342635717858.929,-0.01242604464086895
297,2350044622311.1553,-0.012388648363939735
298,2357453526763.382,-0.012351234971668021
299,2364862431215.608,-0.012313804567667938
300,2372271335667.834,-0.012276357254599019
301,2379680240120.06,-0.012238893134177095
302,2387089144572.286,-0.012201412307200954
303,2394498049024.512,-0.012163914873554827
304,2401906953476.7383,-0.012126400932212412
305,2409315857928.9644,-0.01208887058125315
306,2416724762381.1904,-0.012051323917882167
307,2424133666833.4165,-0.012013761038429147
308,2431542571285.6426,-0.011976182038364735
309,2438951475737.8687,-0.011938587012306408
310,2446360380190.0947,-0.011900976054025984
311,2453769284642.3213,-0.01186334925647351
312,2461178189094.5474,-0.011825706711774065
313,2468587093546.7734,-0.011788048511246381
314,2475995997998.9995,-0.011750374745397633
315,2483404902451.2256,-0.011712685503949445
316,2490813806903.4517,-0.011674980875843758
317,2498222711355.6777,-0.011637260949241368
318,2505631615807.904,-0.011599525811536913
319,2513040520260.13,-0.011561775549381629
320,2520449424712.356,-0.011524010248672474
321,2527858329164.582,-0.01148622999456171
322,2535267233616.808,-0.011448434871473996
323,2542676138069.0347,-0.011410624963120028
324,2550085042521.2607,-0.011372800352493015
325,2557493946973.487,-0.011334961121876517
326,2564902851425.713,-0.011297107352867562
327,2572311755877.939,-0.011259239126361698
328,2579720660330.165,-0.011221356522570254
329,2587129564782.391,-0.011183459621051758
330,2594538469234.617,-0.011145548500673291
331,2601947373686.8433,-0.01110762323966326
332,2609356278139.0693,-0.011069683915590224
333,2616765182591.2954,-0.011031730605366807
334,2624174087043.5215,-0.010993763385291433
335,2631582991495.7476,-0.010955782331016939
336,2638991895947.974,-0.010917787517582486
337,2646400800400.2,-0.01087977901939379
338,2653809704852.4263,-0.010841756910267317
339,2661218609304.6523,-0.010803721263408542
340,2668627513756.8784,-0.010765672151420103
341,2676036418209.1045,-0.010727609646332372
342,2683445322661.3306,-0.010689533819575343
343,2690854227113.5566,-0.010651444742005117
344,2698263131565.7827,-0.010613342483912436
345,2705672036018.009,-0.010575227115024972
346,2713080940470.235,-0.01053709870450753
347,2720489844922.461,-0.01049895732097052
348,2727898749374.6875,-0.0104608030324784
349,2735307653826.9136,-0.010422635906560448
350,2742716558279.1396,-0.010384456010213112
351,2750125462731.3657,-0.01034626340988756
352,2757534367183.592,-0.010308058171519297
353,2764943271635.818,-0.010269840360534976
354,2772352176088.0435,-0.010231610041835561
355,2779761080540.27,-0.010193367279824339
356,2787169984992.496,-0.010155112138398571
357,2794578889444.722,-0.010116844680951927
358,2801987793896.948,-0.010078564970400543
359,2809396698349.1743,-0.010040273069161835
360,2816805602801.4,-0.010001969039171922
361,2824214507253.627,-0.009963652941899114
362,2831623411705.853,-0.009925324838335536
363,2839032316158.079,-0.009886984789003884
364,2846441220610.305,-0.009848632853966602
365,2853850125062.531,-0.009810269092832825
366,2861259029514.7573,-0.009771893564745369
367,2868667933966.9834,-0.009733506328418913
368,2876076838419.2095,-0.009695107442118208
369,2883485742871.4355,-0.009656696963653635
370,2890894647323.6616,-0.009618274950413154
371,2898303551775.887,-0.009579841459358224
372,2905712456228.114,-0.009541396547024225
373,2913121360680.3403,-0.009502940269514006
374,2920530265132.5664,-0.009464472682518672
375,2927939169584.7925,-0.009425993841322734
376,2935348074037.018,-0.00938750380079072
377,2942756978489.2446,-0.009349002615385966
378,2950165882941.4707,-0.009310490339180431
379,2957574787393.697,-0.009271967025831888
380,2964983691845.923,-0.009233432728607553
381,2972392596298.149,-0.009194887500403422
382,2979801500750.3745,-0.00915633139370722
383,2987210405202.601,-0.009117764460638784
384,2994619309654.827,-0.009079186752940133
385,3002028214107.053,-0.009040598321963949
386,3009437118559.28,-0.009001999218709828
387,3016846023011.5054,-0.008963389493797415
388,3024254927463.732,-0.00892476919748603
389,3031663831915.958,-0.008886138379687408
390,3039072736368.184,-0.008847497089937255
391,3046481640820.41,-0.008808845377421083
392,3053890545272.636,-0.008770183290995725
393,3061299449724.862,-0.008731510879144755
394,3068708354177.0884,-0.008692828190010684
395,3076117258629.3145,-0.0086541352714192
396,3083526163081.5405,-0.008615432170837906
397,3090935067533.7666,-0.008576718935399016
398,3098343971985.9937,-0.008537995611923768
399,3105752876438.219,-0.00849926224689456
400,3113161780890.4453,-0.008460518886457918
401,3120570685342.6714,-0.008421765576456595
402,3127979589794.8975,-0.008383002362400131
403,3135388494247.1235,-0.008344229289493313
404,3142797398699.35,-0.008305446402644731
405,3150206303151.5757,-0.008266653746414051
406,3157615207603.802,-0.008227851365073674
407,3165024112056.028,-0.008189039302598344
408,3172433016508.254,-0.008150217602659503
409,3179841920960.48,-0.00811138630862607
410,3187250825412.7065,-0.008072545463566456
411,3194659729864.9326,-0.008033695110270266
412,3202068634317.1587,-0.00799483529121522
413,3209477538769.385,-0.007955966048615017
414,3216886443221.611,-0.007917087424390262
415,3224295347673.8374,-0.00787819946016785
416,3231704252126.063,-0.007839302197309623
417,3239113156578.289,-0.007800395676888089
418,3246522061030.515,-0.007761479939711331
419,3253930965482.741,-0.0077225550263066295
420,3261339869934.9673,-0.007683620976941412
421,3268748774387.194,-0.007644677831606925
422,3276157678839.4194,-0.007605725630025758
423,3283566583291.646,-0.0075667644116636824
424,3290975487743.872,-0.007527794215733477
425,3298384392196.098,-0.007488815081174216
426,3305793296648.3247,-0.0074498270466766756
427,3313202201100.5503,-0.007410830150684611
428,3320611105552.7764,-0.007371824431377856
429,3328020010005.0024,-0.007332809926685786
430,3335428914457.2285,-0.007293786674304966
431,3342837818909.4546,-0.007254754711686594
432,3350246723361.681,-0.007215714076019463
433,3357655627813.9067,-0.007176664804267183
434,3365064532266.133,-0.007137606933151349
435,3372473436718.359,-0.007098540499161088
436,3379882341170.5854,-0.007059465538542989
437,3387291245622.812,-0.00702038208731353
438,3394700150075.0376,-0.006981290181264602
439,3402109054527.2637,-0.006942189855954808
440,3409517958979.4897,-0.006903081146714937
441,3416926863431.716,-0.006863964088654969
442,3424335767883.942,-0.006824838716652383
443,3431744672336.1685,-0.006785705065376447
444,3439153576788.394,-0.006746563169283962
445,3446562481240.62,-0.0067074130625871115
446,3453971385692.846,-0.006668254779298208
447,3461380290145.0723,-0.006629088353222477
448,3468789194597.2993,-0.00658991381795512
449,3476198099049.525,-0.006550731206863579
450,3483607003501.751,-0.006511540553119588
451,3491015907953.977,-0.006472341889689034
452,3498424812406.203,-0.006433135249312449
453,3505833716858.429,-0.006393920664573314
454,3513242621310.656,-0.006354698167817953
455,3520651525762.8813,-0.006315467791190851
456,3528060430215.1074,-0.006276229566646724
457,3535469334667.3335,-0.006236983525953595
458,3542878239119.5596,-0.006197729700688465
459,3550287143571.7856,-0.006158468122200809
460,3557696048024.012,-0.006119198821676108
461,3565104952476.2383,-0.006079921830118001
462,3572513856928.4644,-0.00604063717832384
463,3579922761380.6904,-0.006001344896898315
464,3587331665832.9165,-0.005962045016279647
465,3594740570285.143,-0.005922737566715217
466,3602149474737.3687,-0.005883422578259946
467,3609558379189.5947,-0.005844100080804222
468,3616967283641.821,-0.005804770104054037
469,3624376188094.047,-0.005765432677524631
470,3631785092546.273,-0.00572608783057349
471,3639193996998.4995,-0.005686735592369218
472,3646602901450.725,-0.005647375991910411
473,3654011805902.9517,-0.005608009058024294
474,3661420710355.1777,-0.005568634819366886
475,3668829614807.404,-0.0055292533044279495
476,3676238519259.6304,-0.005489864541523205
477,3683647423711.856,-0.005450468558807313
478,3691056328164.082,-0.0054110653842563625
479,3698465232616.308,-0.0053716550456954365
480,3705874137068.534,-0.005332237570781127
481,3713283041520.7603,-0.005292812987017965
482,3720691945972.987,-0.005253381321737645
483,3728100850425.2124,-0.005213942602107207
484,3735509754877.4385,-0.0051744968551538165
485,3742918659329.665,-0.0051350441077357215
486,3750327563781.891,-0.005095584386558823
487,3757736468234.1177,-0.005056117718177031
488,3765145372686.3433,-0.005016644128987589
489,3772554277138.5693,-0.004977163645236343
490,3779963181590.7954,-0.004937676293009743
491,3787372086043.0215,-0.004898182098263402
492,3794780990495.2476,-0.004858681086797666
493,3802189894947.474,-0.00481917328425608
494,3809598799399.6997,-0.0047796587161408645
495,3817007703851.926,-0.004740137407816657
496,3824416608304.152,-0.004700609384492436
497,3831825512756.378,-0.004661074671231856
498,3839234417208.605,-0.004621533292975842
499,3846643321660.8306,-0.004581985274519328
500,3854052226113.0566,-0.004542430640496153
501,3861461130565.2827,-0.004502869415418678
502,3868870035017.509,-0.004463301623676898
503,3876278939469.735,-0.004423727289480133
504,3883687843921.9614,-0.004384146436945409
505,3891096748374.187,-0.004344559090039425
506,3898505652826.413,-0.00430496527258744
507,3905914557278.639,-0.004265365008291232
508,3913323461730.865,-0.004225758320720866
509,3920732366183.0913,-0.004186145233320605
510,3928141270635.318,-0.004146525769389928
511,3935550175087.544,-0.004106899952106963
512,3942959079539.77,-0.004067267804527316
513,3950367983991.996,-0.004027629349574017
514,3957776888444.222,-0.003987984610046895
515,3965185792896.4487,-0.0039483336086268105
516,3972594697348.6743,-0.0039086763678511625
517,3980003601800.9004,-0.003869012910159158
518,3987412506253.1265,-0.003829343257856759
519,3994821410705.3525,-0.0037896674331115952
520,4002230315157.5786,-0.0037499854579951565
521,4009639219609.805,-0.003710297354460077
522,4017048124062.031,-0.0036706031443280093
523,4024457028514.2573,-0.003630902849302887
524,4031865932966.4834,-0.003591196490967962
525,4039274837418.7095,-0.0035514840908066024
526,4046683741870.936,-0.0035117656701847445
527,4054092646323.1616,-0.00347204125033684
528,4061501550775.3877,-0.003432310852393986
529,4068910455227.614,-0.0033925744973718787
530,4076319359679.84,-0.003352832206182623
531,4083728264132.066,-0.0033130839996206377
532,4091137168584.2925,-0.0032733298983707547
533,4098546073036.518,-0.0032335699230071763
534,4105954977488.744,-0.0031938040939884643
535,4113363881940.9707,-0.003154032431694164
536,4120772786393.197,-0.0031142549563482995
537,4128181690845.4233,-0.0030744716881011235
538,4135590595297.649,-0.00303468264701336
539,4142999499749.875,-0.0029948878529997176
540,4150408404202.101,-0.0029550873258829026
541,4157817308654.327,-0.0029152810853965046
542,4165226213106.553,-0.00287546915116485
543,4172635117558.78,-0.00283565154270949
544,4180044022011.0054,-0.0027958282794520693
545,4187452926463.2314,-0.002755999380695654
546,4194861830915.4575,-0.0027161648656722215
547,4202270735367.6836,-0.002676324753493116
548,4209679639819.9106,-0.0026364790631828484
549,4217088544272.136,-0.0025966278136646224
550,4224497448724.3623,-0.002556771023760989
551,4231906353176.5884,-0.002516908712200807
552,4239315257628.8145,-0.002477040897610208
553,4246724162081.0405,-0.0024371675985392777
554,4254133066533.267,-0.0023972888334214716
555,4261541970985.4927,-0.0023574046206101644
556,4268950875437.7188,-0.002317514978353804
557,4276359779889.945,-0.0022776199248187683
558,4283768684342.171,-0.002237719478074482
559,4291177588794.397,-0.002197813656088142
560,4298586493246.6235,-0.0021579024767701994
561,4305995397698.8496,-0.002117985957914955
562,4313404302151.0757,-0.002078064117221501
563,4320813206603.302,-0.0020381369722967946
564,4328222111055.528,-0.0019982045406851875
565,4335631015507.7544,-0.0019582668398452976
566,4343039919959.98,-0.0019183238871079249
567,4350448824412.206,-0.0018783756997486079
568,4357857728864.432,-0.0018384222949520447
569,4365266633316.658,-0.0017984636898171619
570,4372675537768.8843,-0.0017584999013520453
571,4380084442221.111,-0.001718530946489459
572,4387493346673.3364,-0.0016785568420798203
573,4394902251125.563,-0.0016385776048650456
574,4402311155577.789,-0.0015985932515360166
575,4409720060030.015,-0.0015586037986921111
576,4417128964482.242,-0.0015186092628421653
577,4424537868934.467,-0.0014786096604203873
578,4431946773386.693,-0.001438605007774759
579,4439355677838.92,-0.0013985953211874055
580,4446764582291.1455,-0.0013585806168439456
581,4454173486743.372,-0.0013185609108664377
582,4461582391195.598,-0.0012785362192913804
583,4468991295647.824,-0.0012385065580642132
584,4476400200100.05,-0.0011984719430770882
585,4483809104552.276,-0.0011584323901271745
586,4491218009004.502,-0.0011183879149436783
587,4498626913456.729,-0.0010783385331913226
588,4506035817908.955,-0.0010382842604217991
589,4513444722361.181,-0.0009982251121529312
590,4520853626813.406,-0.0009581611038093941
591,4528262531265.633,-0.0009180922507302201
592,4535671435717.859,-0.0008780185682183729
593,4543080340170.085,-0.0008379400714587891
594,4550489244622.312,-0.0007978567755941267
595,4557898149074.537,-0.000757768695684554
596,4565307053526.764,-0.0007176758467176796
597,4572715957978.989,-0.0006775782436188697
598,4580124862431.216,-0.0006374759012214327
599,4587533766883.441,-0.0005973688343169255
600,4594942671335.668,-0.00055725705760978
601,4602351575787.894,-0.0005171405857297209
602,4609760480240.12,-0.0004770194332488209
603,4617169384692.346,-0.00043689361467628626
604,4624578289144.572,-0.00039676314443953115
605,4631987193596.799,-0.00035662803690358555
606,4639396098049.024,-0.00031648830636348685
607,4646805002501.251,-0.00027634396705015704
608,4654213906953.477,-0.00023619503313429893
609,4661622811405.703,-0.0001960415187094479
610,4669031715857.929,-0.00015588343780715067
611,4676440620310.155,-0.00011572080438689014
612,4683849524762.381,-7.555363236987772e-05
613,4691258429214.607,-3.538193558989128e-05
614,4698667333666.833,4.794272191618876e-06
615,4706076238119.06,4.4974977253871284e-05
616,4713485142571.285,8.516016594525486e-05
617,4720894047023.512,0.00012534982469364006
618,4728302951475.738,0.00016554393996516883
619,4735711855927.964,0.00020574249829765148
620,4743120760380.19,0.00024594548630159016
621,4750529664832.416,0.00028615289063503926
622,4757938569284.643,0.0003263646980256503
623,4765347473736.868,0.0003665808952477666
624,4772756378189.095,0.00040680146915165333
625,4780165282641.32,0.00044702640664064444
626,4787574187093.547,0.0004872556946718433
627,4794983091545.772,0.0005274893202807766
628,4802391995997.999,0.0005677272705392894
629,4809800900450.226,0.0006079695325824155
630,4817209804902.451,0.0006482160936189356
631,4824618709354.678,0.0006884669408888551
632,4832027613806.903,0.0007287220617146692
633,4839436518259.13,0.0007689814434661164
634,4846845422711.355,0.0008092450735558213
635,4854254327163.582,0.0008495129394888966
636,4861663231615.808,0.0008897850287832229
637,4869072136068.034,0.0009300613290360096
638,4876481040520.26,0.0009703418279150659
639,4883889944972.486,0.0010106265130979501
640,4891298849424.712,0.0010509153723415113
641,4898707753876.938,0.0010912083934779548
642,4906116658329.165,0.0011315055643562437
643,4913525562781.391,0.0011718068729195084
644,4920934467233.617,0.0012121123071290874
645,4928343371685.843,0.0012524218549845902
646,4935752276138.069,0.001292735504599983
647,4943161180590.295,0.0013330532441043243
648,4950570085042.521,0.00137337506167488
649,4957978989494.747,0.0014137009455402923
650,4965387893946.974,0.00145403088397884
651,4972796798399.199,0.0014943648653571416
652,4980205702851.426,0.0015347028780398238
653,4987614607303.651,0.0015750449104736282
654,4995023511755.878,0.0016153909511605856
655,5002432416208.1045,0.0016557409886124516
656,5009841320660.33,0.0016960950114384352
657,5017250225112.557,0.0017364530082717607
658,5024659129564.782,0.0017768149678087514
659,5032068034017.009,0.0018171808787813166
660,5039476938469.234,0.0018575507299600086
661,5046885842921.461,0.0018979245101884631
662,5054294747373.687,0.001938302208355707
663,5061703651825.913,0.0019786838133837685
664,5069112556278.139,0.0020190693142465403
665,5076521460730.365,0.002059458699973104
666,5083930365182.591,0.002099851959627509
667,5091339269634.817,0.0021402490823330504
668,5098748174087.044,0.002180650057251921
669,5106157078539.27,0.0022210548735911474
670,5113565982991.496,0.0022614635206138697
671,5120974887443.722,0.002301875987600177
672,5128383791895.948,0.0023422922639221855
673,5135792696348.174,0.0023827123389597096
674,5143201600800.4,0.0024231362021352523
675,5150610505252.626,0.002463563842952328
676,5158019409704.853,0.002503995250929269
677,5165428314157.078,0.0025444304156372367
678,5172837218609.305,0.002584869326679416
679,5180246123061.531,0.002625311973707741
680,5187655027513.757,0.0026657583464291396
681,5195063931965.983,0.0027062084345953336
682,5202472836418.209,0.0027466622279926634
683,5209881740870.436,0.002787119716434399
684,5217290645322.661,0.002827580889799581
685,5224699549774.888,0.0028680457379955115
686,5232108454227.113,0.0029085142509664083
687,5239517358679.34,0.0029489864187383155
688,5246926263131.565,0.0029894622313315113
689,5254335167583.792,0.0030299416788161122
690,5261744072036.018,0.003070424751329546
691,5269152976488.244,0.0031109114390160918
692,5276561880940.471,0.0031514017320802452
693,5283970785392.696,0.003191895620776375
694,5291379689844.923,0.0032323930953757837
695,5298788594297.148,0.0032728941461895138
696,5306197498749.375,0.0033133987635831537
697,5313606403201.601,0.0033539069379803603
698,5321015307653.827,0.0033944186597958392
699,5328424212106.053,0.0034349339194976944
700,5335833116558.279,0.0034754527076311277
701,5343242021010.505,0.0035159750147309814
702,5350650925462.731,0.0035565008313989954
703,5358059829914.957,0.003597030148276125
704,5365468734367.184,0.0036375629560144243
705,5372877638819.41,0.0036780992453319394
706,5380286543271.636,0.0037186390069618575
707,5387695447723.862,0.0037591822316960823
708,5395104352176.087,0.0037997289103630233
709,5402513256628.314,0.003840279033810689
710,5409922161080.54,0.0038808325929273815
711,5417331065532.767,0.003921389578639578
712,5424739969984.992,0.003961949981927025
713,5432148874437.218,0.004002513793782574
714,5439557778889.444,0.00404308100524178
715,5446966683341.671,0.004083651607380761
716,5454375587793.896,0.004124225591316668
717,5461784492246.123,0.004164802948187791
718,5469193396698.349,0.004205383669165699
719,5476602301150.575,0.004245967745479605
720,5484011205602.802,0.004286555168366662
721,5491420110055.027,0.004327145929113815
722,5498829014507.254,0.004367740019049802
723,5506237918959.4795,0.004408337429515675
724,5513646823411.706,0.004448938151898209
725,5521055727863.931,0.004489542177630583
726,5528464632316.158,0.004530149498147892
727,5535873536768.384,0.004570760104950725
728,5543282441220.61,0.00461137398956684
729,5550691345672.837,0.004651991143524166
730,5558100250125.062,0.004692611558430239
731,5565509154577.289,0.00473323522591226
732,5572918059029.515,0.00477386213762046
733,5580326963481.741,0.004814492285219494
734,5587735867933.967,0.004855125660428519
735,5595144772386.192,0.0048957622550283575
736,5602553676838.419,0.0049364020607789855
737,5609962581290.6455,0.004977045069493608
738,5617371485742.871,0.005017691273024077
739,5624780390195.098,0.005058340663233511
740,5632189294647.323,0.0050989932320339056
741,5639598199099.55,0.00513964897138694
742,5647007103551.776,0.005180307873245332
743,5654416008004.002,0.005220969929602928
744,5661824912456.229,0.005261635132504928
745,5669233816908.454,0.005302303473998196
746,5676642721360.681,0.005342974946191393
747,5684051625812.905,0.005383649541205331
748,5691460530265.133,0.005424327251185971
749,5698869434717.358,0.005465008068314316
750,5706278339169.585,0.005505691984807087
751,5713687243621.811,0.005546378992907733
752,5721096148074.036,0.00558706908489006
753,5728505052526.263,0.005627762253046037
754,5735913956978.489,0.005668458489711734
755,5743322861430.716,0.005709157787252044
756,5750731765882.941,0.0057498601380353495
757,5758140670335.167,0.005790565534501548
758,5765549574787.394,0.005831273969085463
759,5772958479239.62,0.0058719854342557595
760,5780367383691.846,0.005912699922525355
761,5787776288144.072,0.005953417426399984
762,5795185192596.298,0.005994137938466357
763,5802594097048.524,0.0060348614513083335
764,5810003001500.749,0.006075587957513489
765,5817411905952.977,0.006116317449749033
766,5824820810405.203,0.006157049920677185
767,5832229714857.429,0.006197785362978471
768,5839638619309.655,0.00623852376939836
769,5847047523761.88,0.006279265132678631
770,5854456428214.107,0.006320009445580765
771,5861865332666.333,0.0063607567009262185
772,5869274237118.56,0.0064015068915540055
773,5876683141570.785,0.00644226001029766
774,5884092046023.011,0.00648301605004898
775,5891500950475.237,0.006523775003721997
776,5898909854927.464,0.0065645368642365115
777,5906318759379.689,0.006605301624568967
778,5913727663831.916,0.00664606927772287
779,5921136568284.144,0.006686839816681889
780,5928545472736.368,0.006727613234491128
781,5935954377188.595,0.00676838952421404
782,5943363281640.82,0.006809168678942778
783,5950772186093.047,0.00684995069180231
784,5958181090545.272,0.0068907355559166515
785,5965589994997.499,0.006931523264463946
786,5972998899449.724,0.006972313810625689
787,5980407803901.951,0.007013107187621475
788,5987816708354.177,0.007053903388688731
789,5995225612806.403,0.007094702407079854
790,6002634517258.629,0.007135504236083171
791,6010043421710.8545,0.007176308869016712
792,6017452326163.082,0.0072171162992356215
793,6024861230615.308,0.00725792652009094
794,6032270135067.534,0.007298739524929765
795,6039679039519.76,0.00733955530720035
796,6047087943971.987,0.00738037386032727
797,6054496848424.212,0.007421195177763865
798,6061905752876.438,0.007462019252975391
799,6069314657328.664,0.007502846079467301
800,6076723561780.891,0.0075436756507932315
801,6084132466233.116,0.007584507960470412
802,6091541370685.343,0.007625343002064865
803,6098950275137.567,0.007666180769199147
804,6106359179589.795,0.00770702125548909
805,6113768084042.021,0.0077478644545294385
806,6121176988494.247,0.007788710360022856
807,6128585892946.474,0.007829558965662928
808,6135994797398.7,0.00787041026511973
809,6143403701850.926,0.007911264252137083
810,6150812606303.151,0.007952120920490344
811,6158221510755.378,0.00799298026391446
812,6165630415207.604,0.008033842276234167
813,6173039319659.831,0.008074706951245566
814,6180448224112.056,0.00811557428278839
815,6187857128564.282,0.008156444264754412
816,6195266033016.509,0.008197316890989115
817,6202674937468.734,0.008238192155416171
818,6210083841920.962,0.008279070051946662
819,6217492746373.187,0.008319950574534201
820,6224901650825.413,0.0083608337171426
821,6232310555277.639,0.008401719473775514
822,6239719459729.865,0.008442607838414343
823,6247128364182.091,0.008483498805095857
824,6254537268634.317,0.008524392367887226
825,6261946173086.544,0.008565288520852775
826,6269355077538.77,0.008606187258072943
827,6276763981990.995,0.008647088573663309
828,6284172886443.222,0.008687992461786458
829,6291581790895.448,0.008728898916551184
830,6298990695347.675,0.008769807932147645
831,6306399599799.9,0.008810719502769241
832,6313808504252.126,0.008851633622639243
833,6321217408704.353,0.008892550285965979
834,6328626313156.578,0.008933469487029944
835,6336035217608.806,0.008974391220089972
836,6343444122061.03,0.009015315479420982
837,6350853026513.257,0.009056242259364286
838,6358261930965.482,0.009097171554236436
839,6365670835417.709,0.009138103358382988
840,6373079739869.935,0.009179037666182693
841,6380488644322.161,0.009219974472032821
842,6387897548774.388,0.009260913770310818
843,6395306453226.613,0.009301855555467115
844,6402715357678.84,0.009342799821937076
845,6410124262131.065,0.009383746564195206
846,6417533166583.292,0.009424695776724862
847,6424942071035.519,0.00946564745400276
848,6432350975487.744,0.009506601590577285
849,6439759879939.97,0.009547558180983347
850,6447168784392.196,0.009588517219758147
851,6454577688844.422,0.009629478701511995
852,6461986593296.649,0.009670442620795649
853,6469395497748.874,0.009711408972253383
854,6476804402201.101,0.009752377750517831
855,6484213306653.327,0.009793348950193938
856,6491622211105.553,0.00983432256599779
857,6499031115557.78,0.00987529859259512
858,6506440020010.005,0.00991627702467248
859,6513848924462.231,0.0099572578569657
860,6521257828914.457,0.009998241084208596
861,6528666733366.684,0.010039226701149151
862,6536075637818.909,0.010080214702565895
863,6543484542271.136,0.01012120508324836
864,6550893446723.362,0.010162197837985259
865,6558302351175.588,0.01020319296163328
866,6565711255627.814,0.010244190449004827
867,6573120160080.04,0.01028519029495674
868,6580529064532.267,0.01032619249439521
869,6587937968984.493,0.010367197042154299
870,6595346873436.719,0.010408203933195085
871,6602755777888.944,0.010449213162439887
872,6610164682341.171,0.010490224724796472
873,6617573586793.396,0.010531238615248292
874,6624982491245.624,0.010572254828761094
875,6632391395697.849,0.010613273360319794
876,6639800300150.075,0.010654294204945538
877,6647209204602.301,0.010695317357667235
878,6654618109054.527,0.0107363428135053
879,6662027013506.755,0.010777370567521531
880,6669435917958.9795,0.010818400614798919
881,6676844822411.206,0.010859432950412994
882,6684253726863.432,0.010900467569473528
883,6691662631315.658,0.01094150446709178
884,6699071535767.884,0.010982543638439184
885,6706480440220.11,0.01102358507864342
886,6713889344672.337,0.01106462878283002
887,6721298249124.5625,0.011105674746240603
888,6728707153576.788,0.011146722964065433
889,6736116058029.015,0.011187773431497999
890,6743524962481.24,0.011228826143798793
891,6750933866933.468,0.011269881096181631
892,6758342771385.693,0.011310938283898321
893,6765751675837.919,0.011351997702247894
894,6773160580290.1455,0.011393059346521687
895,6780569484742.371,0.011434123212041965
896,6787978389194.599,0.011475189294080992
897,6795387293646.823,0.011516257587998083
898,6802796198099.05,0.011557328089150509
899,6810205102551.275,0.01159840079289768
900,6817614007003.502,0.011639475694631852
901,6825022911455.728,0.011680552789726566
902,6832431815907.954,0.01172163207359743
903,6839840720360.181,0.011762713541680923
904,6847249624812.406,0.011803797189404438
905,6854658529264.633,0.011844883012212433
906,6862067433716.858,0.011885971005593115
907,6869476338169.085,0.01192706116501328
908,6876885242621.312,0.011968153485975418
909,6884294147073.537,0.01200924796398745
910,6891703051525.763,0.012050344594567334
911,6899111955977.989,0.012091443373269919
912,6906520860430.215,0.012132544295625509
913,6913929764882.442,0.01217364735721961
914,6921338669334.667,0.012214752553622588
915,6928747573786.894,0.012255859880429824
916,6936156478239.12,0.012296969333244277
917,6943565382691.346,0.012338080907698973
918,6950974287143.573,0.012379194599444265
919,6958383191595.798,0.01242031040407185
920,6965792096048.024,0.012461428317289556
921,6973201000500.25,0.01250254833477871
922,6980609904952.477,0.012543670452194053
923,6988018809404.702,0.012584794665281073
924,6995427713856.929,0.012625920969727825
925,7002836618309.155,0.012667049361246054
926,7010245522761.381,0.01270817983562168
927,7017654427213.606,0.012749312388592785
928,7025063331665.833,0.012790447015922312
929,7032472236118.06,0.012831583713398424
930,7039881140570.286,0.012872722476798437
931,7047290045022.512,0.012913863301952964
932,7054698949474.737,0.012955006184687052
933,7062107853926.964,0.01299615112080637
934,7069516758379.189,0.013037298106180244
935,7076925662831.417,0.013078447136659403
936,7084334567283.642,0.013119598208112811
937,7091743471735.868,0.013160751316446798
938,7099152376188.094,0.013201906457545067
939,7106561280640.32,0.013243063627296638
940,7113970185092.546,0.013284222821628718
941,7121379089544.772,0.013325384036507223
942,7128787993996.999,0.013366547267867224
943,7136196898449.225,0.013407712511640853
944,7143605802901.451,0.013448879763832706
945,7151014707353.677,0.013490049020403037
946,7158423611805.903,0.01353122027735705
947,7165832516258.13,0.013572393530731496
948,7173241420710.355,0.013613568776486097
949,7180650325162.581,0.013654746010697535
950,7188059229614.808,0.013695925229413545
951,7195468134067.033,0.013737106428666847
952,7202877038519.261,0.013778289604532763
953,7210285942971.485,0.013819474753081654
954,7217694847423.712,0.013860661870427282
955,7225103751875.938,0.013901850952659986
956,7232512656328.164,0.013943041995904428
957,7239921560780.392,0.01398423499627199
958,7247330465232.616,0.01402542994990411
959,7254739369684.843,0.014066626852968098
960,7262148274137.068,0.01410782570160897
961,7269557178589.295,0.014149026491998035
962,7276966083041.5205,0.014190229220338146
963,7284374987493.747,0.014231433882810663
964,7291783891945.974,0.014272640475609503
965,7299192796398.199,0.014313848994970808
966,7306601700850.426,0.014355059437129489
967,7314010605302.651,0.014396271798324246
968,7321419509754.878,0.01443748607479782
969,7328828414207.1045,0.014478702262802113
970,7336237318659.33,0.014519920358637885
971,7343646223111.556,0.01456114035857152
972,7351055127563.782,0.014602362258894098
973,7358464032016.008,0.014643586055951698
974,7365872936468.235,0.014684811746016942
975,7373281840920.46,0.014726039325432604
976,7380690745372.687,0.014767268790567924
977,7388099649824.912,0.014808500137733778
978,7395508554277.139,0.014849733363282634
979,7402917458729.366,0.014890968463613933
980,7410326363181.591,0.01493220543510963
981,7417735267633.817,0.014973444274169252
982,7425144172086.043,0.015014684977190225
983,7432553076538.27,0.015055927540552686
984,7439961980990.495,0.015097171960720909
985,7447370885442.722,0.015138418234112314
986,7454779789894.948,0.015179666357183614
987,7462188694347.174,0.015220916326385593
988,7469597598799.399,0.015262168138173281
989,7477006503251.626,0.015303421789042138
990,7484415407703.852,0.015344677275451666
991,7491824312156.079,0.01538593459393299
992,7499233216608.305,0.015427193740976702
993,7506642121060.53,0.015468454713089254
994,7514051025512.757,0.01550971750679845
995,7521459929964.982,0.015550982118658921
996,7528868834417.21,0.015592248545211278
997,7536277738869.435,0.015633516783002736
998,7543686643321.661,0.015674786828592756
999,7551095547773.887,0.01571605867858944
1000,7558504452226.113,0.015757332329567116
1001,7565913356678.339,0.01579860777809206
1002,7573322261130.565,0.015839885020801123
1003,7580731165582.792,0.015881164054303034
1004,7588140070035.018,0.015922444875230767
1005,7595548974487.244,0.015963727480215666
1006,7602957878939.47,0.016005011865877078
1007,7610366783391.696,0.01604629802890679
1008,7617775687843.923,0.016087585965953655
1009,7625184592296.148,0.0161288756736815
1010,7632593496748.374,0.016170167148790864
1011,7640002401200.601,0.016211460387928915
1012,7647411305652.826,0.016252755387864956
1013,7654820210105.054,0.016294052145283806
1014,7662229114557.278,0.01633535065687575
1015,7669638019009.505,0.016376650919406634
1016,7677046923461.731,0.016417952929600615
1017,7684455827913.957,0.01645925668421513
1018,7691864732366.185,0.01650056217998769
1019,7699273636818.409,0.016541869413689576
1020,7706682541270.636,0.016583178382099575
1021,7714091445722.861,0.016624489082020206
1022,7721500350175.088,0.01666580151024578
1023,7728909254627.313,0.016707115663540585
1024,7736318159079.54,0.016748431538731415
1025,7743727063531.767,0.01678974913265376
1026,7751135967983.992,0.016831068442130184
1027,7758544872436.218,0.01687238946400324
1028,7765953776888.444,0.016913712195119408
1029,7773362681340.671,0.016955036632318208
1030,7780771585792.897,0.016996362772476372
1031,7788180490245.123,0.017037690612469854
1032,7795589394697.349,0.017079020149184873
1033,7802998299149.575,0.0171203513794852
1034,7810407203601.801,0.01716168430031154
1035,7817816108054.028,0.01720301890853298
1036,7825225012506.253,0.01724435520108493
1037,7832633916958.4795,0.017285693174914882
1038,7840042821410.705,0.017327032826903944
1039,7847451725862.932,0.017368374154028907
1040,7854860630315.157,0.017409717153239832
1041,7862269534767.384,0.017451061821505104
1042,7869678439219.61,0.017492408155755368
1043,7877087343671.836,0.017533756152990344
1044,7884496248124.0625,0.017575105810195134
1045,7891905152576.288,0.017616457124368354
1046,7899314057028.515,0.017657810092499962
1047,7906722961480.741,0.017699164711582487
1048,7914131865932.967,0.017740520978668118
1049,7921540770385.192,0.017781878890761375
1050,7928949674837.419,0.01782323844489277
1051,7936358579289.645,0.01786459963811362
1052,7943767483741.872,0.01790596246746778
1053,7951176388194.097,0.01794732693002032
1054,7958585292646.323,0.01798869302284081
1055,7965994197098.55,0.018030060742974575
1056,7973403101550.775,0.018071430087523446
1057,7980812006003.003,0.018112801053594432
1058,7988220910455.228,0.018154173638259462
1059,7995629814907.454,0.01819554783860738
1060,8003038719359.68,0.018236923651813765
1061,8010447623811.906,0.018278301074956153
1062,8017856528264.132,0.01831968010514692
1063,8025265432716.358,0.018361060739557324
1064,8032674337168.585,0.018402442975301157
1065,8040083241620.811,0.01844382680957501
1066,8047492146073.037,0.01848521223950084
1067,8054901050525.263,0.01852659926224282
1068,8062309954977.489,0.018567987875002155
1069,8069718859429.716,0.018609378074964367
1070,8077127763881.941,0.01865076985928181
1071,8084536668334.167,0.01869216322519158
1072,8091945572786.394,0.018733558169880392
1073,8099354477238.619,0.01877495469054935
1074,8106763381690.847,0.018816352784432323
1075,8114172286143.071,0.01885775244877225
1076,8121581190595.298,0.018899153680797965
1077,8128990095047.523,0.018940556477711843
1078,8136398999499.75,0.01898196083682759
1079,8143807903951.978,0.01902336675535563
1080,8151216808404.202,0.019064774230570267
1081,8158625712856.429,0.019106183259744527
1082,8166034617308.654,0.01914759384016812
1083,8173443521760.881,0.01918900596912982
1084,8180852426213.106,0.019230419643899398
1085,8188261330665.333,0.01927183486179425
1086,8195670235117.56,0.01931325162011316
1087,8203079139569.785,0.019354669916179016
1088,8210488044022.011,0.019396089747326848
1089,8217896948474.237,0.019437511110861484
1090,8225305852926.463,0.01947893400412454
1091,8232714757378.69,0.019520358424464472
1092,8240123661830.916,0.019561784369230457
1093,8247532566283.142,0.019603211835772783
1094,8254941470735.368,0.019644640821455055
1095,8262350375187.594,0.019686071323691687
1096,8269759279639.821,0.01972750333979412
1097,8277168184092.046,0.019768936867173938
1098,8284577088544.272,0.019810371903238876
1099,8291985992996.498,0.01985180844537417
1100,8299394897448.725,0.019893246490967426
1101,8306803801900.95,0.019934686037452305
1102,8314212706353.177,0.019976127082259355
1103,8321621610805.403,0.020017569622778442
1104,8329030515257.629,0.020059013656496347
1105,8336439419709.855,0.02010045918079099
1106,8343848324162.081,0.020141906193118765
1107,8351257228614.308,0.020183354690977828
1108,8358666133066.534,0.02022480467179522
1109,8366075037518.76,0.020266256133027245
1110,8373483941970.985,0.02030770907214732
1111,8380892846423.212,0.020349163486652617
1112,8388301750875.4375,0.020390619374032685
1113,8395710655327.665,0.020432076731744173
1114,8403119559779.89,0.020473535557299572
1115,8410528464232.116,0.020514995848249118
1116,8417937368684.343,0.020556457602034135
1117,8425346273136.568,0.02059792081620362
1118,8432755177588.796,0.020639385488293985
1119,8440164082041.0205,0.020680851615809383
1120,8447572986493.247,0.02072231919630559
1121,8454981890945.473,0.020763788227312945
1122,8462390795397.699,0.020805258706381675
1123,8469799699849.925,0.02084673063109507
1124,8477208604302.151,0.020888203998985843
1125,8484617508754.378,0.020929678807593985
1126,8492026413206.604,0.02097115505455164
1127,8499435317658.829,0.02101263273742139
1128,8506844222111.056,0.021054111853780352
1129,8514253126563.282,0.021095592401233675
1130,8521662031015.509,0.02113707437734947
1131,8529070935467.734,0.021178557779743774
1132,8536479839919.96,0.021220042606061466
1133,8543888744372.187,0.021261528853891286
1134,8551297648824.412,0.02130301652085092
1135,8558706553276.64,0.021344505604587578
1136,8566115457728.864,0.02138599610273858
1137,8573524362181.091,0.021427488012911815
1138,8580933266633.316,0.02146898133277812
1139,8588342171085.543,0.02151047606002577
1140,8595751075537.769,0.021551972192240948
1141,8603159979989.995,0.0215934697271201
1142,8610568884442.222,0.021634968662364487
1143,8617977788894.447,0.021676468995619983
1144,8625386693346.674,0.021717970724577398
1145,8632795597798.899,0.02175947384689229
1146,8640204502251.126,0.021800978360305936
1147,8647613406703.353,0.021842484262518266
1148,8655022311155.578,0.021883991551207908
1149,8662431215607.804,0.02192550022409289
1150,8669840120060.03,0.021967010278877024
1151,8677249024512.256,0.022008521713317644
1152,8684657928964.483,0.022050034525144938
1153,8692066833416.708,0.022091548712048062
1154,8699475737868.935,0.02213306427177714
1155,8706884642321.161,0.02217458120210985
1156,8714293546773.387,0.02221609950080402
1157,8721702451225.613,0.02225761916557017
1158,8729111355677.839,0.02229914019418087
1159,8736520260130.065,0.02234066258443727
1160,8743929164582.291,0.022382186334079894
1161,8751338069034.518,0.022423711440898553
1162,8758746973486.743,0.02246523790270534
1163,8766155877938.97,0.022506765717245136
1164,8773564782391.196,0.0225482948823197
1165,8780973686843.422,0.022589825395753653
1166,8788382591295.648,0.02263135725534624
1167,8795791495747.874,0.022672890458899114
1168,8803200400200.1,0.022714425004244202
1169,8810609304652.328,0.022755960889195573
1170,8818018209104.553,0.02279749811155597
1171,8825427113556.78,0.022839036669194315
1172,8832836018009.004,0.022880576559954922
1173,8840244922461.23,0.022922117781643638
1174,8847653826913.457,0.022963660332147005
1175,8855062731365.684,0.02300520420930649
1176,8862471635817.91,0.023046749410953308
1177,8869880540270.135,0.023088295934986465
1178,8877289444722.361,0.023129843779295365
1179,8884698349174.588,0.023171392941710483
1180,8892107253626.814,0.023212943420094986
1181,8899516158079.04,0.023254495212402464
1182,8906925062531.266,0.023296048316485206
1183,8914333966983.492,0.023337602730250526
1184,8921742871435.719,0.023379158451589905
1185,8929151775887.943,0.023420715478386152
1186,8936560680340.17,0.02346227380859244
1187,8943969584792.396,0.0235038334401467
1188,8951378489244.623,0.023545394370892574
1189,8958787393696.848,0.02358695659878046
1190,8966196298149.074,0.02362852012178937
1191,8973605202601.3,0.02367008493782583
1192,8981014107053.527,0.023711651044803144
1193,8988423011505.754,0.023753218440706957
1194,8995831915957.979,0.023794787123508764
1195,9003240820410.205,0.02383635709110769
1196,9010649724862.432,0.023877928341475833
1197,9018058629314.658,0.023919500872600558
1198,9025467533766.883,0.023961074682462943
1199,9032876438219.11,0.02400264976900108
1200,9040285342671.336,0.024044226130227327
1201,9047694247123.562,0.024085803764104224
1202,9055103151575.787,0.024127382668647
1203,9062512056028.014,0.024168962841850824
1204,9069920960480.24,0.024210544281675548
1205,9077329864932.467,0.024252126986164295
1206,9084738769384.693,0.02429371095331066
1207,9092147673836.918,0.0243352961811402
1208,9099556578289.145,0.024376882667681114
1209,9106965482741.371,0.02441847041094198
1210,9114374387193.598,0.024460059408919172
1211,9121783291645.822,0.024501649659679187
1212,9129192196098.049,0.02454324116129951
1213,9136601100550.275,0.02458483391177123
1214,9144010005002.502,0.024626427909118655
1215,9151418909454.727,0.024668023151452466
1216,9158827813906.953,0.02470961963681236
1217,9166236718359.18,0.02475121736324938
1218,9173645622811.406,0.024792816328811355
1219,9181054527263.633,0.024834416531580573
1220,9188463431715.857,0.024876017969674397
1221,9195872336168.084,0.0249176206411469
1222,9203281240620.31,0.024959224544049294
1223,9210690145072.537,0.025000829676475694
1224,9218099049524.762,0.025042436036556166
1225,9225507953976.988,0.025084043622372983
1226,9232916858429.215,0.025125652432006183
1227,9240325762881.441,0.02516726246357992
1228,9247734667333.666,0.025208873715216656
1229,9255143571785.893,0.025250486185022097
1230,9262552476238.12,0.025292099871115824
1231,9269961380690.346,0.025333714771616247
1232,9277370285142.572,0.025375330884648353
1233,9284779189594.797,0.025416948208336194
1234,9292188094047.023,0.025458566740865128
1235,9299596998499.25,0.025500186480319258
1236,9307005902951.477,0.02554180742485956
1237,9314414807403.701,0.025583429572678167
1238,9321823711855.928,0.025625052921873646
1239,9329232616308.154,0.02566667747063025
1240,9336641520760.38,0.02570830321713262
1241,9344050425212.607,0.025749930159487507
1242,9351459329664.832,0.02579155829589596
1243,9358868234117.059,0.025833187624575846
1244,9366277138569.285,0.02587481814368294
1245,9373686043021.512,0.025916449851358225
1246,9381094947473.736,0.02595808274579869
1247,9388503851925.963,0.025999716825290134
1248,9395912756378.19,0.026041352087929955
1249,9403321660830.416,0.026082988531919708
1250,9410730565282.64,0.026124626155518683
1251,9418139469734.867,0.026166264956908665
1252,9425548374187.094,0.02620790493431338
1253,9432957278639.32,0.02624954608593494
1254,9440366183091.547,0.026291188409985747
1255,9447775087543.771,0.02633283190472892
1256,9455183991995.998,0.026374476568374404
1257,9462592896448.225,0.026416122399151032
1258,9470001800900.451,0.02645776939529878
1259,9477410705352.676,0.02649941755506888
1260,9484819609804.902,0.026541066876700017
1261,9492228514257.129,0.026582717358434267
1262,9499637418709.355,0.02662436899853377
1263,9507046323161.58,0.0266660217952563
1264,9514455227613.807,0.02670767574685581
1265,9521864132066.033,0.02674933085161467
1266,9529273036518.26,0.026790987107827964
1267,9536681940970.486,0.0268326445136893
1268,9544090845422.71,0.026874303067527236
1269,9551499749874.938,0.026915962767634877
1270,9558908654327.164,0.026957623612269072
1271,9566317558779.39,0.026999285599732897
1272,9573726463231.615,0.02704094872831843
1273,9581135367683.842,0.027082612996339715
1274,9588544272136.068,0.027124278402091816
1275,9595953176588.295,0.02716594494382586
1276,9603362081040.52,0.02720761261988153
1277,9610770985492.746,0.02724928142862571
1278,9618179889944.973,0.02729095136832379
1279,9625588794397.2,0.027332622437318023
1280,9632997698849.426,0.027374294633882513
1281,9640406603301.65,0.027415967956385404
1282,9647815507753.877,0.02745764240318548
1283,9655224412206.104,0.027499317972556524
1284,9662633316658.33,0.027540994662867357
1285,9670042221110.555,0.027582672472486042
1286,9677451125562.781,0.027624351399725293
1287,9684860030015.008,0.02766603144291371
1288,9692268934467.234,0.02770771260044687
1289,9699677838919.459,0.027749394870690624
1290,9707086743371.686,0.027791078251976797
1291,9714495647823.912,0.02783276274265379
1292,9721904552276.139,0.02787444834113385
1293,9729313456728.365,0.027916135045770105
1294,9736722361180.59,0.027957822854920086
1295,9744131265632.816,0.027999511767001665
1296,9751540170085.043,0.028041201780377906
1297,9758949074537.27,0.028082892893421144
1298,9766357978989.494,0.028124585104551767
1299,9773766883441.72,0.028166278412139967
1300,9781175787893.947,0.028207972814582732
1301,9788584692346.174,0.028249668310287208
1302,9795993596798.398,0.02829136489765767
1303,9803402501250.625,0.028333062575091578
1304,9810811405702.852,0.028374761341040042
1305,9818220310155.078,0.02841646119388711
1306,9825629214607.305,0.028458162132014308
1307,9833038119059.53,0.028499864153914062
1308,9840447023511.756,0.02854156725798588
1309,9847855927963.982,0.028583271442640296
1310,9855264832416.209,0.028624976706325505
1311,9862673736868.434,0.028666683047457606
1312,9870082641320.66,0.028708390464508297
1313,9877491545772.887,0.028750098955904326
1314,9884900450225.113,0.02879180852007563
1315,9892309354677.338,0.02883351915552602
1316,9899718259129.564,0.028875230860648637
1317,9907127163581.791,0.02891694363389733
1318,9914536068034.018,0.028958657473774227
1319,9921944972486.244,0.029000372378728115
1320,9929353876938.469,0.029042088347220756
1321,9936762781390.695,0.029083805377713896
1322,9944171685842.922,0.02912552346871379
1323,9951580590295.148,0.029167242618633408
1324,9958989494747.373,0.029208962826001765
1325,9966398399199.6,0.029250684089317577
1326,9973807303651.826,0.029292406407021764
1327,9981216208104.053,0.02933412977762322
1328,9988625112556.28,0.02937585419959583
1329,9996034017008.504,0.02941757967147751
1330,10003442921460.73,0.029459306191757993
1331,10010851825912.957,0.029501033758910257
1332,10018260730365.184,0.029542762371431136
1333,10025669634817.408,0.02958449202786434
1334,10033078539269.635,0.029626222726732973
1335,10040487443721.861,0.029667954466543817
1336,10047896348174.088,0.029709687245792062
1337,10055305252626.312,0.029751421062988566
1338,10062714157078.54,0.029793155916710442
1339,10070123061530.766,0.029834891805468944
1340,10077531965982.992,0.02987662872774122
1341,10084940870435.219,0.029918366682116893
1342,10092349774887.443,0.02996010566714755
1343,10099758679339.67,0.0300018456813419
1344,10107167583791.896,0.03004358672322998
1345,10114576488244.123,0.03008532879138669
1346,10121985392696.348,0.03012707188438588
1347,10129394297148.574,0.030168816000731218
1348,10136803201600.8,0.03021056113898994
1349,10144212106053.027,0.030252307297742618
1350,10151621010505.252,0.030294054475546027
1351,10159029914957.479,0.030335802670937963
1352,10166438819409.705,0.030377551882525458
1353,10173847723861.932,0.030419302108864357
1354,10181256628314.158,0.030461053348514906
1355,10188665532766.383,0.03050280560010772
1356,10196074437218.61,0.030544558862165932
1357,10203483341670.836,0.030586313133283166
1358,10210892246123.062,0.030628068412067742
1359,10218301150575.287,0.030669824697086172
1360,10225710055027.514,0.03071158198696717
1361,10233118959479.74,0.030753340280288356
1362,10240527863931.967,0.030795099575604588
1363,10247936768384.191,0.030836859871576
1364,10255345672836.418,0.03087862116683117
1365,10262754577288.645,0.030920383459900273
1366,10270163481740.871,0.030962146749419328
1367,10277572386193.098,0.031003911034045414
1368,10284981290645.322,0.031045676312346882
1369,10292390195097.549,0.0310874425829511
1370,10299799099549.775,0.03112920984449246
1371,10307208004002.002,0.031170978095602875
1372,10314616908454.227,0.031212747334907014
1373,10322025812906.453,0.03125451756102249
1374,10329434717358.68,0.0312962887725741
1375,10336843621810.906,0.03133806096822344
1376,10344252526263.13,0.03137983414663503
1377,10351661430715.357,0.031421608306399076
1378,10359070335167.584,0.031463383446162084
1379,10366479239619.81,0.031505159564607865
1380,10373888144072.037,0.031546936660384994
1381,10381297048524.262,0.031588714732116455
1382,10388705952976.488,0.031630493778462776
1383,10396114857428.715,0.0316722737981179
1384,10403523761880.941,0.031714054789726054
1385,10410932666333.166,0.031755836751940394
1386,10418341570785.393,0.03179761968343796
1387,10425750475237.62,0.03183940358291495
1388,10433159379689.846,0.03188118844900345
1389,10440568284142.07,0.03192297428037928
1390,10447977188594.297,0.03196476107577266
1391,10455386093046.523,0.03200654883381507
1392,10462794997498.75,0.03204833755320228
1393,10470203901950.977,0.03209012723262046
1394,10477612806403.201,0.03213191787074128
1395,10485021710855.428,0.032173709466351355
1396,10492430615307.654,0.03221550201807407
1397,10499839519759.88,0.03225729552453299
1398,10507248424212.105,0.032299089984537246
1399,10514657328664.332,0.032340885396802646
1400,10522066233116.559,0.0323826817599759
1401,10529475137568.785,0.032424479072754926
1402,10536884042021.01,0.03246627733389436
1403,10544292946473.236,0.03250807654209531
1404,10551701850925.463,0.032549876696065426
1405,10559110755377.69,0.03259167779452436
1406,10566519659829.916,0.032633479836198714
1407,10573928564282.14,0.032675282819827366
1408,10581337468734.367,0.03271708674414135
1409,10588746373186.594,0.03275889160782328
1410,10596155277638.82,0.03280069740961889
1411,10603564182091.045,0.03284250414832267
1412,10610973086543.271,0.032884311822614753
1413,10618381990995.498,0.032926120431254355
1414,10625790895447.725,0.03296792997295787
1415,10633199799899.95,0.0330097404465009
1416,10640608704352.174,0.033051551850673
1417,10648017608804.402,0.03309336418414892
1418,10655426513256.629,0.033135177445673326
1419,10662835417708.854,0.03317699163405655
1420,10670244322161.08,0.03321880674805619
1421,10677653226613.307,0.0332606227863871
1422,10685062131065.533,0.033302439747850875
1423,10692471035517.76,0.033344257631206756
1424,10699879939969.984,0.033386076435218265
1425,10707288844422.21,0.033427896158637706
1426,10714697748874.436,0.03346971680027396
1427,10722106653326.664,0.033511538358904316
1428,10729515557778.89,0.03355336083323235
1429,10736924462231.115,0.03359518422211805
1430,10744333366683.342,0.033637008524364125
1431,10751742271135.568,0.03367883373866822
1432,10759151175587.795,0.033720659863827364
1433,10766560080040.018,0.03376248689872863
1434,10773968984492.246,0.03380431484210168
1435,10781377888944.473,0.0338461436926972
1436,10788786793396.697,0.033887973449398645
1437,10796195697848.924,0.03392980411096878
1438,10803604602301.15,0.033971635676176136
1439,10811013506753.377,0.034013468143875215
1440,10818422411205.604,0.034055301512852555
1441,10825831315657.83,0.034097135781901114
1442,10833240220110.055,0.03413897094986844
1443,10840649124562.28,0.03418080701558775
1444,10848058029014.508,0.03422264397782429
1445,10855466933466.734,0.03426448183539291
1446,10862875837918.959,0.03430632058712632
1447,10870284742371.186,0.03434816023187545
1448,10877693646823.412,0.03439000076845572
1449,10885102551275.639,0.03443184219568998
1450,10892511455727.861,0.03447368451243042
1451,10899920360180.09,0.03451552771744525
1452,10907329264632.316,0.03455737180962393
1453,10914738169084.541,0.03459921678781011
1454,10922147073536.77,0.0346410626508232
1455,10929555977988.994,0.034682909397507025
1456,10936964882441.22,0.03472475702672485
1457,10944373786893.447,0.03476660553731059
1458,10951782691345.674,0.03480845492806288
1459,10959191595797.898,0.034850305197904045
1460,10966600500250.123,0.03489215634572746
1461,10974009404702.352,0.03493400837030416
1462,10981418309154.578,0.03497586127045778
1463,10988827213606.803,0.03501771504513689
1464,10996236118059.03,0.03505956969320646
1465,11003645022511.256,0.03510142521348582
1466,11011053926963.482,0.03514328160484807
1467,11018462831415.709,0.0351851388661653
1468,11025871735867.934,0.03522699699634731
1469,11033280640320.16,0.03526885599423667
1470,11040689544772.385,0.03531071585868604
1471,11048098449224.613,0.035352576588602996
1472,11055507353676.838,0.03539443818286675
1473,11062916258129.064,0.03543630064037303
1474,11070325162581.291,0.03547816395998912
1475,11077734067033.518,0.03552002814058217
1476,11085142971485.742,0.03556189318107504
1477,11092551875937.967,0.035603759080379785
1478,11099960780390.195,0.03564562583732982
1479,11107369684842.422,0.035687493450831706
1480,11114778589294.646,0.03572936191984892
1481,11122187493746.873,0.03577123124322719
1482,11129596398199.1,0.035813101419868994
1483,11137005302651.326,0.035854972448677636
1484,11144414207103.553,0.03589684432854584
1485,11151823111555.777,0.035938717058446853
1486,11159232016008.004,0.03598059063725857
1487,11166640920460.229,0.03602246506385988
1488,11174049824912.457,0.03606434033721069
1489,11181458729364.682,0.03610621645619833
1490,11188867633816.908,0.03614809341975146
1491,11196276538269.135,0.03618997122680634
1492,11203685442721.361,0.036231849876260755
1493,11211094347173.588,0.036273729367071864
1494,11218503251625.81,0.03631560969815853
1495,11225912156078.04,0.03635749086844198
1496,11233321060530.266,0.03639937287681065
1497,11240729964982.49,0.03644125572227676
1498,11248138869434.717,0.03648313940376856
1499,11255547773886.943,0.036525023920147136
1500,11262956678339.17,0.03656690927041533
1501,11270365582791.396,0.036608795453515246
1502,11277774487243.621,0.036650682468385945
1503,11285183391695.848,0.03669257031394639
1504,11292592296148.072,0.03673445898919433
1505,11300001200600.3,0.03677634849304352
1506,11307410105052.527,0.03681823882440482
1507,11314819009504.752,0.03686012998232757
1508,11322227913956.979,0.03690202196574185
1509,11329636818409.205,0.03694391477355777
1510,11337045722861.432,0.036985808404730286
1511,11344454627313.654,0.0370277028582951
1512,11351863531765.883,0.037069598133209786
1513,11359272436218.11,0.03711149422835902
1514,11366681340670.334,0.037153391142773676
1515,11374090245122.56,0.03719528887540646
1516,11381499149574.787,0.03723718742523231
1517,11388908054027.014,0.037279086791242776
1518,11396316958479.24,0.03732098697237478
1519,11403725862931.467,0.03736288796764756
1520,11411134767383.691,0.037404789776001965
1521,11418543671835.916,0.03744669239647358
1522,11425952576288.145,0.03748859582798983
1523,11433361480740.371,0.037530500069542894
1524,11440770385192.596,0.03757240512017912
1525,11448179289644.822,0.03761431097883614
1526,11455588194097.049,0.03765621764451142
1527,11462997098549.275,0.03769812511618412
1528,11470406003001.502,0.03774003339286965
1529,11477814907453.727,0.037781942473601796
1530,11485223811905.953,0.03782385235731767
1531,11492632716358.178,0.03786576304303928
1532,11500041620810.406,0.037907674529789326
1533,11507450525262.63,0.037949586816523925
1534,11514859429714.857,0.03799149990233391
1535,11522268334167.084,0.03803341378617082
1536,11529677238619.31,0.038075328466980383
1537,11537086143071.535,0.03811724394387453
1538,11544495047523.76,0.03815916021590553
1539,11551903951975.988,0.03820107728197329
1540,11559312856428.215,0.0382429951411137
1541,11566721760880.443,0.0382849137924197
1542,11574130665332.666,0.03832683323486267
1543,11581539569784.893,0.03836875346747719
1544,11588948474237.12,0.038410674489262414
1545,11596357378689.346,0.0384525962992626
1546,11603766283141.57,0.038494518896548924
1547,11611175187593.797,0.03853644228011403
1548,11618584092046.021,0.03857836644898362
1549,11625992996498.25,0.03862029140216075
1550,11633401900950.475,0.03866221713875667
1551,11640810805402.701,0.0387041436578045
1552,11648219709854.928,0.038746070958258466
1553,11655628614307.154,0.038787999039219145
1554,11663037518759.38,0.0388299278997151
1555,11670446423211.604,0.03887185753883414
1556,11677855327663.832,0.038913787955610984
1557,11685264232116.059,0.03895571914903913
1558,11692673136568.287,0.038997651118190785
1559,11700082041020.51,0.03903958386212907
1560,11707490945472.736,0.03908151737993974
1561,11714899849924.963,0.03912345167063616
1562,11722308754377.19,0.03916538673326693
1563,11729717658829.414,0.03920732256693539
1564,11737126563281.64,0.03924925917067898
1565,11744535467733.865,0.03929119654355178
1566,11751944372186.094,0.039333134684644
1567,11759353276638.32,0.03937507359296064
1568,11766762181090.545,0.03941701326763253
1569,11774171085542.771,0.03945895370774402
1570,11781579989994.998,0.03950089491228786
1571,11788988894447.225,0.039542836880370275
1572,11796397798899.447,0.03958477961111559
1573,11803806703351.676,0.03962672310355654
1574,11811215607803.902,0.03966866735678874
1575,11818624512256.13,0.039710612369842094
1576,11826033416708.354,0.03975255814182248
1577,11833442321160.58,0.03979450467187412
1578,11840851225612.807,0.039836451959003864
1579,11848260130065.033,0.03987840000233454
1580,11855669034517.26,0.03992034880094267
1581,11863077938969.484,0.0399622983539106
1582,11870486843421.709,0.04000424866036585
1583,11877895747873.938,0.04004619971937678
1584,11885304652326.164,0.04008815153001771
1585,11892713556778.389,0.040130104091421676
1586,11900122461230.615,0.04017205740266268
1587,11907531365682.842,0.04021401146285395
1588,11914940270135.068,0.040255966271056196
1589,11922349174587.291,0.04029792182644859
1590,11929758079039.52,0.040339878128112336
1591,11937166983491.746,0.04038183517510853
1592,11944575887943.975,0.04042379296658491
1593,11951984792396.2,0.04046575150159693
1594,11959393696848.424,0.04050771077932013
1595,11966802601300.65,0.04054967079884469
1596,11974211505752.877,0.04059163155931474
1597,11981620410205.104,0.04063359305979563
1598,11989029314657.328,0.040675555299420185
1599,11996438219109.557,0.04071751827733598
1600,12003847123561.781,0.040759481992584806
1601,12011256028014.008,0.040801446444370434
1602,12018664932466.232,0.04084341163181793
1603,12026073836918.459,0.04088537755402043
1604,12033482741370.686,0.04092734421009272
1605,12040891645822.912,0.040969311599205305
1606,12048300550275.139,0.041011279720443106
1607,12055709454727.363,0.04105324857293324
1608,12063118359179.59,0.041095218155899914
1609,12070527263631.818,0.04113718846838689
1610,12077936168084.043,0.041179159509507526
1611,12085345072536.268,0.041221131278486506
1612,12092753976988.494,0.04126310377444934
1613,12100162881440.72,0.04130507699651041
1614,12107571785892.947,0.04134705094379354
1615,12114980690345.172,0.041389025615466306
1616,12122389594797.4,0.04143100101066526
1617,12129798499249.625,0.04147297712855036
1618,12137207403701.852,0.04151495396828497
1619,12144616308154.08,0.0415569315289738
1620,12152025212606.303,0.041598909809828
1621,12159434117058.53,0.04164088880995925
1622,12166843021510.756,0.04168286852851683
1623,12174251925962.982,0.04172484896465391
1624,12181660830415.207,0.041766830117555
1625,12189069734867.434,0.04180881198642267
1626,12196478639319.662,0.041850794570310886
1627,12203887543771.887,0.04189277786843696
1628,12211296448224.113,0.04193476187996727
1629,12218705352676.338,0.04197674660406528
1630,12226114257128.564,0.042018732039906165
1631,12233523161580.791,0.0420607181866344
1632,12240932066033.018,0.042102705043448194
1633,12248340970485.244,0.04214469260949449
1634,12255749874937.469,0.04218668088398114
1635,12263158779389.695,0.042228669866029744
1636,12270567683841.924,0.042270659554837026
1637,12277976588294.146,0.04231264994959094
1638,12285385492746.373,0.042354641049456514
1639,12292794397198.6,0.04239663285366069
1640,12300203301650.826,0.04243862536132284
1641,12307612206103.053,0.04248061857162423
1642,12315021110555.277,0.04252261248381582
1643,12322430015007.506,0.04256460709701963
1644,12329838919459.73,0.04260660241039872
1645,12337247823911.957,0.04264859842324337
1646,12344656728364.182,0.042690595134714904
1647,12352065632816.408,0.04273259254393775
1648,12359474537268.635,0.042774590650149644
1649,12366883441720.861,0.042816589452544934
1650,12374292346173.088,0.04285858895028134
1651,12381701250625.312,0.04290058914261648
1652,12389110155077.54,0.04294259002875046
1653,12396519059529.768,0.04298459160781073
1654,12403927963981.992,0.04302659387905407
1655,12411336868434.217,0.043068596841650805
1656,12418745772886.443,0.04311060049484322
1657,12426154677338.67,0.043152604837866836
1658,12433563581790.896,0.043194609869804876
1659,12440972486243.121,0.04323661558997998
1660,12448381390695.35,0.043278621997548485
1661,12455790295147.574,0.043320629091717605
1662,12463199199599.8,0.043362636871768404
1663,12470608104052.025,0.04340464533682918
1664,12478017008504.252,0.043446654486160446
1665,12485425912956.479,0.043488664318994244
1666,12492834817408.705,0.0435306748344904
1667,12500243721860.932,0.04357268603187538
1668,12507652626313.156,0.043614697910443256
1669,12515061530765.383,0.04365671046937172
1670,12522470435217.611,0.043698723707817314
1671,12529879339669.836,0.04374073762510756
1672,12537288244122.06,0.043782752220439036
1673,12544697148574.287,0.04382476749299476
1674,12552106053026.514,0.043866783442077964
1675,12559514957478.74,0.04390880006686039
1676,12566923861930.965,0.04395081736659709
1677,12574332766383.193,0.04399283534047832
1678,12581741670835.418,0.04403485398780037
1679,12589150575287.645,0.044076873307802716
1680,12596559479739.873,0.044118893299607026
1681,12603968384192.096,0.04416091396259905
1682,12611377288644.322,0.04420293529595799
1683,12618786193096.549,0.04424495729888745
1684,12626195097548.775,0.04428697997067658
1685,12633604002001.0,0.04432900331053444
1686,12641012906453.227,0.04437102731777104
1687,12648421810905.455,0.04441305199156368
1688,12655830715357.68,0.04445507733116789
1689,12663239619809.904,0.04449710333585009
1690,12670648524262.13,0.04453913000485732
1691,12678057428714.357,0.04458115733746268
1692,12685466333166.584,0.04462318533287443
1693,12692875237618.81,0.04466521399036508
1694,12700284142071.037,0.044707243309203254
1695,12707693046523.262,0.04474927328860031
1696,12715101950975.488,0.04479130392783241
1697,12722510855427.717,0.04483333522623332
1698,12729919759879.94,0.04487536718298803
1699,12737328664332.166,0.04491739979733124
1700,12744737568784.393,0.04495943306858628
1701,12752146473236.62,0.04500146699600432
1702,12759555377688.844,0.045043501578825335
1703,12766964282141.07,0.04508553681634783
1704,12774373186593.299,0.04512757270779787
1705,12781782091045.523,0.04516960925246005
1706,12789190995497.75,0.04521164644963184
1707,12796599899949.975,0.04525368429857682
1708,12804008804402.201,0.04529572279854044
1709,12811417708854.428,0.04533776194879631
1710,12818826613306.654,0.04537980174865458
1711,12826235517758.88,0.045421842197368396
1712,12833644422211.105,0.045463883294219756
1713,12841053326663.332,0.04550592503847267
1714,12848462231115.56,0.04554796742940459
1715,12855871135567.783,0.04559001046631429
1716,12863280040020.01,0.045632054148514484
1717,12870688944472.236,0.04567409847525308
1718,12878097848924.463,0.04571614344576812
1719,12885506753376.69,0.04575818905941384
1720,12892915657828.914,0.0458002353154881
1721,12900324562281.143,0.045842282213184295
1722,12907733466733.367,0.04588432975187588
1723,12915142371185.594,0.0459263779308563
1724,12922551275637.818,0.045968426749385775
1725,12929960180090.045,0.04601047620677089
1726,12937369084542.271,0.046052526302245544
1727,12944777988994.498,0.046094577035193665
1728,12952186893446.725,0.046136628404887095
1729,12959595797898.95,0.046178680410588466
1730,12967004702351.176,0.046220733051663805
1731,12974413606803.404,0.046262786327342334
1732,12981822511255.629,0.04630484023690849
1733,12989231415707.854,0.04634689477974266
1734,12996640320160.08,0.04638894995515286
1735,13004049224612.307,0.04643100576237409
1736,13011458129064.533,0.04647306220070546
1737,13018867033516.758,0.04651511926953468
1738,13026275937968.986,0.04655717696813669
1739,13033684842421.21,0.04659923529577806
1740,13041093746873.438,0.04664129425184706
1741,13048502651325.666,0.04668335383554573
1742,13055911555777.889,0.04672541404627082
1743,13063320460230.115,0.0467674748833716
1744,13070729364682.342,0.04680953634604245
1745,13078138269134.568,0.04685159843365778
1746,13085547173586.793,0.04689366114557636
1747,13092956078039.02,0.04693572448109272
1748,13100364982491.248,0.04697778843949363
1749,13107773886943.473,0.04701985302009956
1750,13115182791395.697,0.04706191822231433
1751,13122591695847.924,0.0471039840453704
1752,13130000600300.15,0.047146050488583204
1753,13137409504752.377,0.04718811755136876
1754,13144818409204.604,0.047230185233004346
1755,13152227313656.83,0.047272253532785
1756,13159636218109.055,0.04731432245006508
1757,13167045122561.281,0.04735639198420101
1758,13174454027013.51,0.047398462134459474
1759,13181862931465.732,0.04744053290025846
1760,13189271835917.959,0.04748260428086863
1761,13196680740370.186,0.047524676275628744
1762,13204089644822.412,0.047566748883888316
1763,13211498549274.637,0.047608822104990595
1764,13218907453726.863,0.04765089593828145
1765,13226316358179.092,0.04769297038306697
1766,13233725262631.316,0.04773504543868924
1767,13241134167083.543,0.0477771211044678
1768,13248543071535.768,0.04781919737981728
1769,13255951975987.994,0.04786127426406281
1770,13263360880440.22,0.047903351756489986
1771,13270769784892.447,0.04794542985646309
1772,13278178689344.674,0.047987508563358115
1773,13285587593796.898,0.0480295878765119
1774,13292996498249.125,0.04807166779528149
1775,13300405402701.354,0.0481137483189592
1776,13307814307153.576,0.048155829446959626
1777,13315223211605.803,0.048197911178633146
1778,13322632116058.03,0.04823999351329085
1779,13330041020510.256,0.04828207645032444
1780,13337449924962.482,0.048324159989026644
1781,13344858829414.707,0.04836624412884809
1782,13352267733866.936,0.04840832886907248
1783,13359676638319.16,0.048450414209038256
1784,13367085542771.387,0.048492500148200175
1785,13374494447223.611,0.048534586685836614
1786,13381903351675.838,0.048576673821342065
1787,13389312256128.064,0.04861876155405516
1788,13396721160580.291,0.04866084988337073
1789,13404130065032.518,0.048702938808645194
1790,13411538969484.742,0.04874502832917013
1791,13418947873936.969,0.04878711844444136
1792,13426356778389.197,0.048829209153734204
1793,13433765682841.422,0.04887130045639791
1794,13441174587293.646,0.04891339235190908
1795,13448583491745.873,0.04895548483957528
1796,13455992396198.1,0.04899757791873523
1797,13463401300650.326,0.049039671588776534
1798,13470810205102.55,0.049081765849092435
1799,13478219109554.78,0.04912386069904666
1800,13485628014007.004,0.04916595613804369
1801,13493036918459.23,0.049208052165405844
1802,13500445822911.455,0.04925014878054909
1803,13507854727363.682,0.04929224598286916
1804,13515263631815.908,0.0493343437716528
1805,13522672536268.135,0.049376442146351784
1806,13530081440720.361,0.04941854110638895
1807,13537490345172.586,0.049460640651078414
1808,13544899249624.812,0.049502740779811205
1809,13552308154077.041,0.04954484149195837
1810,13559717058529.266,0.04958694278692395
1811,13567125962981.49,0.049629044664136784
1812,13574534867433.717,0.049671147122916565
1813,13581943771885.943,0.0497132501626877
1814,13589352676338.17,0.04975535378283712
1815,13596761580790.396,0.04979745798270491
1816,13604170485242.623,0.04983956276171879
1817,13611579389694.848,0.04988166811934095
1818,13618988294147.074,0.04992377405488825
1819,13626397198599.303,0.04996588056770247
1820,13633806103051.525,0.05000798765731319
1821,13641215007503.752,0.0500500953230054
1822,13648623911955.979,0.05009220356419758
1823,13656032816408.205,0.050134312380343604
1824,13663441720860.43,0.05017642177076018
1825,13670850625312.656,0.05021853173491699
1826,13678259529764.885,0.05026064227215578
1827,13685668434217.11,0.050302753381907844
1828,13693077338669.336,0.050344865063604124
1829,13700486243121.56,0.05038697731662001
1830,13707895147573.787,0.05042909014034833
1831,13715304052026.014,0.05047120353416287
1832,13722712956478.24,0.050513317497546846
1833,13730121860930.467,0.05055543202990083
1834,13737530765382.691,0.050597547130560555
1835,13744939669834.918,0.05063966279900839
1836,13752348574287.146,0.050681779034607244
1837,13759757478739.37,0.05072389583673784
1838,13767166383191.596,0.05076601320491951
1839,13774575287643.822,0.050808131138496485
1840,13781984192096.049,0.05085024963686821
1841,13789393096548.275,0.0508923686994807
1842,13796802001000.5,0.05093448832573402
1843,13804210905452.729,0.050976608515056525
1844,13811619809904.953,0.051018729266848986
1845,13819028714357.18,0.0510608505805408
1846,13826437618809.404,0.05110297245555266
1847,13833846523261.63,0.05114509489129662
1848,13841255427713.857,0.05118721788720426
1849,13848664332166.084,0.051229341442679995
1850,13856073236618.31,0.05127146555715728
1851,13863482141070.535,0.05131359023008006
1852,13870891045522.762,0.05135571546082773
1853,13878299949974.99,0.051397841248827736
1854,13885708854427.215,0.05143996759356537
1855,13893117758879.44,0.05148209449444283
1856,13900526663331.666,0.05152422195085405
1857,13907935567783.893,0.05156634996226071
1858,13915344472236.12,0.05160847852805989
1859,13922753376688.344,0.05165060764771667
1860,13930162281140.572,0.05169273732066029
1861,13937571185592.797,0.05173486754630256
1862,13944980090045.023,0.051776998324095574
1863,13952388994497.248,0.0518191296534552
1864,13959797898949.475,0.051861261533818676
1865,13967206803401.701,0.05190339396465398
1866,13974615707853.928,0.0519455269453935
1867,13982024612306.154,0.051987660475404734
1868,13989433516758.379,0.05202979455420133
1869,13996842421210.605,0.05207192918121353
1870,14004251325662.834,0.052114064355854785
1871,14011660230115.059,0.052156200077550854
1872,14019069134567.283,0.05219833634579779
1873,14026478039019.51,0.05224047316003702
1874,14033886943471.736,0.05228261051966437
1875,14041295847923.963,0.052324748424127016
1876,14048704752376.188,0.0523668868729239
1877,14056113656828.416,0.05240902586547011
1878,14063522561280.64,0.052451165401174005
1879,14070931465732.867,0.05249330547958379
1880,14078340370185.096,0.05253544610003695
1881,14085749274637.318,0.05257758726202043
1882,14093158179089.545,0.05261972896503514
1883,14100567083541.771,0.05266187120846823
1884,14107975987993.998,0.052704013991838036
1885,14115384892446.223,0.052746157314529626
1886,14122793796898.45,0.05278830117603987
1887,14130202701350.678,0.052830445575811076
1888,14137611605802.902,0.05287259051325001
1889,14145020510255.127,0.052914735987895985
1890,14152429414707.354,0.05295688199916464
1891,14159838319159.58,0.0529990285465253
1892,14167247223611.807,0.05304117562947164
1893,14174656128064.033,0.053083323247383254
1894,14182065032516.26,0.053125471399723345
1895,14189473936968.484,0.053167620086039605
1896,14196882841420.71,0.053209769305785526
1897,14204291745872.94,0.05325191905830983
1898,14211700650325.162,0.053294069343155163
1899,14219109554777.389,0.05333622015984023
1900,14226518459229.615,0.053378371507758676
1901,14233927363681.842,0.05342052338635954
1902,14241336268134.066,0.053462675795147026
1903,14248745172586.293,0.053504828733631424
1904,14256154077038.521,0.05354698220117764
1905,14263562981490.746,0.05358913619732699
1906,14270971885942.973,0.0536312907215363
1907,14278380790395.197,0.053673445773278115
1908,14285789694847.424,0.05371560135205129
1909,14293198599299.65,0.05375775745729995
1910,14300607503751.877,0.05379991408845407
1911,14308016408204.104,0.05384207124503047
1912,14315425312656.328,0.0538842289265428
1913,14322834217108.555,0.05392638713242952
1914,14330243121560.783,0.053968545862155826
1915,14337652026013.008,0.054010705115183126
1916,14345060930465.232,0.054052864891030596
1917,14352469834917.459,0.05409502518922432
1918,14359878739369.686,0.05413718600914373
1919,14367287643821.912,0.05417934735027718
1920,14374696548274.137,0.054221509212171407
1921,14382105452726.365,0.0542636715942984
1922,14389514357178.59,0.054305834496095995
1923,14396923261630.816,0.0543479979170708
1924,14404332166083.041,0.054390161856737104
1925,14411741070535.268,0.0544323263145029
1926,14419149974987.494,0.05447449128993855
1927,14426558879439.72,0.0545166567825086
1928,14433967783891.947,0.054558822791674594
1929,14441376688344.172,0.05460098931692664
1930,14448785592796.398,0.054643156357793876
1931,14456194497248.627,0.05468532391373032
1932,14463603401700.852,0.05472749198422902
1933,14471012306153.076,0.05476966056877046
1934,14478421210605.303,0.054811829666874416
1935,14485830115057.53,0.054853999278058986
1936,14493239019509.756,0.05489616940177704
1937,14500647923961.98,0.05493834003754251
1938,14508056828414.209,0.05498051118478324
1939,14515465732866.434,0.05502268284310371
1940,14522874637318.66,0.055064855011970476
1941,14530283541770.889,0.05510702769076352
1942,14537692446223.111,0.05514920087909307
1943,14545101350675.338,0.05519137457650512
1944,14552510255127.564,0.05523354878242769
1945,14559919159579.791,0.05527572349632946
1946,14567328064032.016,0.0553178987177733
1947,14574736968484.242,0.05536007444631044
1948,14582145872936.47,0.05540225068128904
1949,14589554777388.695,0.055444427422278814
1950,14596963681840.92,0.055486604668881306
1951,14604372586293.146,0.05552878242047295
1952,14611781490745.373,0.05557096067664265
1953,14619190395197.6,0.05561313943683972
1954,14626599299649.826,0.05565531870059816
1955,14634008204102.053,0.05569749846745163
1956,14641417108554.277,0.05573967873684718
1957,14648826013006.504,0.055781859508349615
1958,14656234917458.732,0.055824040781437295
1959,14663643821910.955,0.05586622255563117
1960,14671052726363.182,0.05590840483046297
1961,14678461630815.408,0.05595058760542097
1962,14685870535267.635,0.05599277088000397
1963,14693279439719.86,0.05603495465377584
1964,14700688344172.086,0.05607713892622476
1965,14708097248624.314,0.056119323696838835
1966,14715506153076.54,0.05616150896514967
1967,14722915057528.766,0.056203694730711296
1968,14730323961980.99,0.056245880992979794
1969,14737732866433.217,0.05628806775149893
1970,14745141770885.443,0.05633025500584593
1971,14752550675337.67,0.05637244275548931
1972,14759959579789.896,0.05641463099990887
1973,14767368484242.121,0.05645681973865097
1974,14774777388694.348,0.05649900897128492
1975,14782186293146.576,0.05654119869730399
1976,14789595197598.799,0.05658338891621327
1977,14797004102051.025,0.056625579627541014
1978,14804413006503.252,0.05666777083084973
1979,14811821910955.479,0.05670996252562584
1980,14819230815407.705,0.05675215471140109
1981,14826639719859.93,0.056794347387708735
1982,14834048624312.158,0.056836540554050144
1983,14841457528764.383,0.056878734209983586
1984,14848866433216.61,0.056920928355058076
1985,14856275337668.834,0.05696312298877975
1986,14863684242121.06,0.0570053181106451
1987,14871093146573.287,0.05704751372024184
1988,14878502051025.514,0.057089709817059055
1989,14885910955477.74,0.057131906400632426
1990,14893319859929.965,0.05717410347053346
1991,14900728764382.191,0.057216301026268485
1992,14908137668834.42,0.057258499067334684
1993,14915546573286.645,0.05730069759329879
1994,14922955477738.87,0.05734289660375296
1995,14930364382191.096,0.057385096098167554
1996,14937773286643.322,0.05742729607607183
1997,14945182191095.549,0.057469496537020104
1998,14952591095547.773,0.05751169748061494
